{
  "train_losses": [
    1.735953800201416,
    1.4927941193580627,
    1.4020113983154296,
    1.3229374341964721,
    1.2606291241645813,
    1.1942227249145507,
    1.1278829743862153,
    1.0783655021190643,
    1.0320481481552124,
    0.9885222685337066,
    0.9511380009651184,
    0.90868124294281,
    0.8730211212635041,
    0.8253046424388886,
    0.7974136140346527,
    0.7489152233600617,
    0.7069963154792785,
    0.6704722946882248,
    0.6454443137645721,
    0.6169933066368103,
    0.5873334294557572,
    0.5632918145656586,
    0.5418574204444885,
    0.5136217985153199,
    0.4967053337097168,
    0.4711151452064514,
    0.45536122477054597,
    0.44046316581964495,
    0.4104825987815857,
    0.39962025958299635,
    0.37985688328742984,
    0.3604565646648407,
    0.3478541752696037,
    0.33759656047821046,
    0.31951714062690734,
    0.305463408946991,
    0.29897336864471435,
    0.2839888902902603,
    0.2798320798873901,
    0.25649916368722914,
    0.2389141776561737,
    0.23863406985998153,
    0.22721900245547294,
    0.21399682185053825,
    0.20771026888489724,
    0.19231209033727645,
    0.18952655625343323,
    0.18410697591304778,
    0.17234263846278192,
    0.16591449731588365
  ],
  "train_accuracies": [
    2.0375,
    3.275,
    4.0375,
    7.2375,
    8.5625,
    10.7125,
    11.475,
    14.675,
    18.3375,
    18.6125,
    25.0375,
    26.825,
    26.525,
    33.0125,
    34.2875,
    41.6875,
    48.3375,
    49.05,
    50.9,
    55.9375,
    55.1,
    59.9125,
    64.05,
    64.8375,
    68.1375,
    70.0875,
    67.4625,
    74.225,
    77.0375,
    76.7375,
    79.9625,
    81.6625,
    84.975,
    84.2,
    86.6125,
    86.6125,
    88.275,
    89.0875,
    90.4125,
    89.6625,
    91.975,
    92.375,
    93.5125,
    94.0125,
    94.3,
    92.8875,
    94.2375,
    94.4625,
    95.6,
    95.1375
  ],
  "val_losses": [
    1.5279788598418236,
    1.3795460164546967,
    1.3553408049046993,
    1.2517880201339722,
    1.1654219888150692,
    1.1148131340742111,
    1.0688004773110151,
    1.0548939649015665,
    1.0062886606901884,
    0.9681228343397379,
    0.919752350077033,
    0.9042732138186693,
    0.9165555015206337,
    0.852928563952446,
    0.8577780239284039,
    0.8105334583669901,
    0.758683692663908,
    0.7576635740697384,
    0.7666207365691662,
    0.7547607384622097,
    0.7548262774944305,
    0.7410530392080545,
    0.7305807620286942,
    0.7372637372463942,
    0.7243600338697433,
    0.7258377131074667,
    0.7799164149910212,
    0.7324975784868002,
    0.7382319569587708,
    0.7663558665663004,
    0.7603810671716928,
    0.760954650118947,
    0.7736335098743439,
    0.7862411066889763,
    0.7896449528634548,
    0.8094732873141766,
    0.8278275299817324,
    0.832591051235795,
    0.8560066036880016,
    0.8595886267721653,
    0.8536351770162582,
    0.8604300562292337,
    0.8876592330634594,
    0.8885451257228851,
    0.9256635196506977,
    0.9757102187722921,
    0.9616135004907846,
    0.9534829314798117,
    0.9775641653686762,
    0.9952883757650852
  ],
  "val_accuracies": [
    1.8,
    3.4,
    3.6,
    6.6,
    6.9,
    10.8,
    11.0,
    12.2,
    12.5,
    13.3,
    17.0,
    19.1,
    17.1,
    23.5,
    22.0,
    26.9,
    31.2,
    30.9,
    29.2,
    31.9,
    32.0,
    34.2,
    35.2,
    33.3,
    36.3,
    35.6,
    33.5,
    38.2,
    39.0,
    37.4,
    37.6,
    39.5,
    39.2,
    38.2,
    39.4,
    39.6,
    38.0,
    38.4,
    38.2,
    39.2,
    40.4,
    39.1,
    39.4,
    39.5,
    38.2,
    37.3,
    39.9,
    39.7,
    40.2,
    38.2
  ],
  "best_val_loss": 0.7243600338697433
}