{
  "train_losses": [
    1.7844382781982422,
    1.6494534258842468,
    1.614563817024231,
    1.587571186542511,
    1.5700129952430726,
    1.5552614822387696,
    1.5368001818656922,
    1.5201835632324219,
    1.506835602760315,
    1.4929927291870118,
    1.4697309894561768,
    1.453602877140045,
    1.4242642498016358,
    1.410267168521881,
    1.384019989490509,
    1.3424622774124146,
    1.306613248348236,
    1.2579010210037231,
    1.2212283964157105,
    1.195515009880066,
    1.1490099527835846,
    1.1195384471416474,
    1.0666636090278625,
    1.0128802320957184,
    0.956391128540039,
    0.8911481750011444,
    0.8418065690994263,
    0.7739727861881256,
    0.7241662695407868,
    0.7369774577617645,
    0.6757014784812927,
    0.6248596663475037,
    0.5763924238681793,
    0.5467772439718247
  ],
  "train_accuracies": [
    1.2,
    1.6,
    2.1125,
    2.2,
    2.1375,
    2.05,
    2.6625,
    3.0,
    3.075,
    3.6625,
    4.35,
    4.4125,
    4.6375,
    5.1625,
    6.5875,
    7.1875,
    8.3625,
    9.675,
    8.6625,
    12.6125,
    12.5,
    14.225,
    17.6875,
    19.225,
    22.2,
    25.025,
    31.9875,
    34.9875,
    29.4125,
    34.725,
    44.0,
    44.5375,
    47.9875,
    51.3375
  ],
  "val_losses": [
    1.6731158196926117,
    1.621741246432066,
    1.595205895602703,
    1.5954241938889027,
    1.585585106164217,
    1.5702843107283115,
    1.598702646791935,
    1.5612016804516315,
    1.5567518509924412,
    1.5620230659842491,
    1.559233445674181,
    1.5948331207036972,
    1.6082308515906334,
    1.594315867871046,
    1.6333424299955368,
    1.6361506059765816,
    1.6228902004659176,
    1.6582820415496826,
    1.6911039277911186,
    1.7095119282603264,
    1.7362495064735413,
    1.838552862405777,
    1.8418566659092903,
    1.9229434132575989,
    2.005172111093998,
    2.007920142263174,
    2.077274575829506,
    2.1662118956446648,
    2.258926320821047,
    2.286181304603815,
    2.380307175219059,
    2.3952369019389153,
    2.4971567019820213,
    2.591477356851101
  ],
  "val_accuracies": [
    0.8,
    0.9,
    1.4,
    0.9,
    0.8,
    1.8,
    1.4,
    1.8,
    1.4,
    1.6,
    2.2,
    2.0,
    2.3,
    1.6,
    2.3,
    3.1,
    3.8,
    3.2,
    3.1,
    3.7,
    3.7,
    4.2,
    3.8,
    4.6,
    4.6,
    4.8,
    5.2,
    4.5,
    4.5,
    5.6,
    5.0,
    4.7,
    6.1,
    5.7
  ],
  "best_val_loss": 1.5567518509924412
}