{
  "train_losses": [
    1.7325557837486267,
    1.5793263411521912,
    1.5390659203529358,
    1.4970730690956116,
    1.4717986454963685,
    1.4512884974479676,
    1.4269546542167664,
    1.4035004849433899,
    1.3814216747283936,
    1.3511328282356263,
    1.3254478416442872,
    1.3044817414283751,
    1.2607225322723388,
    1.2166170082092285,
    1.190116280078888,
    1.1345262269973755,
    1.0729082629680633,
    1.02723002910614,
    0.9821452052593231,
    0.9335589587688446,
    0.8597296710014344,
    0.8057272922992706,
    0.7699484207630157,
    0.7241694205999374,
    0.6560506181716919,
    0.6284801768064499,
    0.6343777576684951,
    0.5594828531742096,
    0.5170401637554168,
    0.47306662607192995,
    0.4475702050924301,
    0.4079976326823235,
    0.38969008231163027,
    0.42288984298706056,
    0.48454026544094086,
    0.551811868429184
  ],
  "train_accuracies": [
    1.6375,
    2.2625,
    2.4375,
    3.575,
    3.825,
    3.5625,
    4.9625,
    4.975,
    6.525,
    6.7875,
    8.525,
    9.975,
    11.3125,
    12.6875,
    13.65,
    16.8125,
    19.9,
    21.65,
    24.575,
    26.05,
    30.5125,
    34.0,
    32.7,
    41.4,
    38.4,
    41.9125,
    47.8,
    49.675,
    53.5875,
    57.2,
    63.4125,
    62.4125,
    64.675,
    59.95,
    54.425,
    56.6625
  ],
  "val_losses": [
    1.5952422954142094,
    1.5379428677260876,
    1.5450675748288631,
    1.499052107334137,
    1.480392962694168,
    1.5312492176890373,
    1.465143159031868,
    1.4757417850196362,
    1.4446249455213547,
    1.4737358652055264,
    1.440399695187807,
    1.4472890570759773,
    1.4469607956707478,
    1.4525127932429314,
    1.4467178173363209,
    1.466185312718153,
    1.4816638231277466,
    1.539753545075655,
    1.5736810825765133,
    1.5853657461702824,
    1.640445314347744,
    1.676616556942463,
    1.7562363669276237,
    1.8147427923977375,
    1.944486502557993,
    1.9388479068875313,
    1.9543714299798012,
    2.0713192336261272,
    2.0907427817583084,
    2.155940666794777,
    2.2099686935544014,
    2.3375642746686935,
    2.312328401952982,
    2.337681781500578,
    2.241182640194893,
    2.24881137534976
  ],
  "val_accuracies": [
    2.0,
    3.1,
    2.3,
    3.6,
    3.0,
    3.1,
    3.4,
    4.3,
    5.5,
    4.3,
    4.6,
    5.3,
    5.9,
    7.4,
    7.0,
    9.0,
    8.2,
    8.0,
    10.8,
    8.6,
    8.7,
    10.2,
    9.6,
    11.7,
    10.5,
    12.1,
    12.8,
    11.7,
    12.1,
    13.0,
    12.9,
    14.1,
    13.4,
    15.1,
    12.4,
    12.1
  ],
  "best_val_loss": 1.440399695187807
}