{
  "train_losses": [
    1.771202434539795,
    1.5348891005516052,
    1.4352991991043091,
    1.3685616221427916,
    1.3065961904525756,
    1.2472765231132508,
    1.2040556120872496,
    1.1554468197822572,
    1.1240024569034577,
    1.0881029336452483,
    1.0627033805847168,
    1.0250716876983643,
    0.9970498116016387,
    0.9712565898895263,
    0.9505424299240113,
    0.9218156855106354,
    0.9000933389663697,
    0.8770937802791595,
    0.8497759773731232,
    0.8211299412250519,
    0.7992918376922608,
    0.7730972566604615,
    0.7505777852535248,
    0.7305285782814026,
    0.7028480479717255,
    0.6851476466655732,
    0.6547532621622085,
    0.6283291581869125,
    0.6080861359834671,
    0.5792494007349014,
    0.5583857486248016,
    0.5354139542579651,
    0.5127812833786011,
    0.48759803211688996,
    0.4694595223665237,
    0.4464807139635086,
    0.42826420795917514,
    0.4051114139556885,
    0.38710214549303057,
    0.3622911225557327,
    0.35153096467256545
  ],
  "train_accuracies": [
    1.825,
    3.1875,
    3.7125,
    5.6125,
    5.975,
    7.625,
    9.6,
    12.5125,
    12.4,
    16.2625,
    15.8875,
    18.2625,
    19.8,
    21.7375,
    25.0,
    27.2,
    28.75,
    29.55,
    31.65,
    34.8625,
    37.125,
    41.875,
    42.5,
    47.375,
    50.15,
    53.275,
    55.7625,
    59.0,
    60.7375,
    66.0,
    68.9375,
    69.6375,
    74.2125,
    76.1875,
    76.725,
    80.8625,
    81.5375,
    84.4375,
    85.85,
    88.05,
    89.1875
  ],
  "val_losses": [
    1.5798929817974567,
    1.4558744542300701,
    1.3748247809708118,
    1.3163408525288105,
    1.2617572620511055,
    1.2201521955430508,
    1.1831774413585663,
    1.1342565529048443,
    1.1298996955156326,
    1.0915297269821167,
    1.0714784674346447,
    1.0786037482321262,
    1.050807161256671,
    1.0479097701609135,
    1.024454789236188,
    1.024024449288845,
    1.0303506534546614,
    1.032861715182662,
    1.0455624740570784,
    1.0340531580150127,
    1.036899708211422,
    1.025975650176406,
    1.0640832297503948,
    1.0426601767539978,
    1.0464037489145994,
    1.064072661101818,
    1.0854639802128077,
    1.096963869407773,
    1.1327070649713278,
    1.1257085856050253,
    1.1399019323289394,
    1.1717855837196112,
    1.1738152876496315,
    1.20885687507689,
    1.2300066016614437,
    1.2600179575383663,
    1.2875316105782986,
    1.295940913259983,
    1.326113075017929,
    1.3432669267058372,
    1.3800620213150978
  ],
  "val_accuracies": [
    1.7,
    2.9,
    3.2,
    3.9,
    4.1,
    4.6,
    5.5,
    7.6,
    7.1,
    8.5,
    7.8,
    8.1,
    8.1,
    8.8,
    10.2,
    10.0,
    10.3,
    9.2,
    10.6,
    11.5,
    11.3,
    11.1,
    11.4,
    13.1,
    12.9,
    14.1,
    13.1,
    12.3,
    13.4,
    14.0,
    13.2,
    14.1,
    13.6,
    14.4,
    12.9,
    14.1,
    14.0,
    13.3,
    15.4,
    14.6,
    15.9
  ],
  "best_val_loss": 1.024024449288845
}